file_name,style_desc
11.png,"The image is a beautiful representation of traditional Chinese art, specifically in the style of ink wash painting. The color scheme is predominantly green and white, with subtle accents of red and black. The art style is characterized by the use of loose brushstrokes, which adds a sense of movement and life to the scene. The woman in the image is depicted sitting on a stool, engrossed in playing a flute. She is dressed in a green and white outfit, complemented by a red headband. The background features a serene landscape with trees and a fence, further enhancing the overall composition of the artwork. The image is a wonderful example of the harmonious blend of nature and human activity in traditional Chinese art."
30.jpg,"The image is a black and white sketch featuring a man with a long tail. The man is dressed in a suit and hat, giving him a formal appearance. He stands on a rock, suggesting a rugged or natural setting. The art style is reminiscent of cartoon art, characterized by exaggerated features and a simple line drawing technique. The genre of the artwork is likely fantasy or surrealism, as the presence of the man with a tail is an unusual and imaginative element. The overall composition and style of the image create a unique and intriguing visual experience."
9.png,"The image is a vibrant impressionist painting that captures a serene landscape scene. The color scheme is dominated by warm hues of yellow, orange, and red, which are used to depict the sky and the sun. The foreground is filled with tall grass and trees, painted in a loose and sketchy style, emphasizing the interplay of light and shadow. The background features a body of water, adding depth to the composition. The overall style of the painting is characterized by its emphasis on color and light, and the use of loose brushstrokes to convey the essence of the scene rather than its details."
1.jpg,"The image portrays a young woman with long, brown hair. She is wearing a white sweater, which contrasts with her dark hair. Her gaze is directed straight at the viewer, creating a sense of connection. The art style is realistic, with a focus on the woman's facial features and the intricate details of her hair. The color scheme is predominantly white and brown, with subtle hints of pink and red in her lips and the background. The overall composition of the image is balanced, with the woman's face and hair taking center stage. The image does not contain any text or other discernible objects. The relative position of the woman in the image is central, with no other objects to compare her position to. The image is a portrait, focusing solely on the woman and her features."
29.jpg,"The image is a black and white sketch that captures a scene from a narrow street in a European town. The street is flanked by tall, narrow buildings, creating a sense of depth and perspective. The buildings are adorned with ornate details, adding to the charm of the scene. 

The street itself is wet, possibly from a recent rain, and puddles have formed on the ground. This detail adds a reflective quality to the scene, enhancing the overall visual appeal. 

People can be seen walking on the street, going about their day. Their presence adds a sense of life and movement to the otherwise static scene. 

The art style of the sketch is realistic, with a focus on accurately depicting the scene. The genre of the artwork is likely to be a street scene or a cityscape, as it captures the essence of urban life in a European town."
14.png,"The image features a woman with curly hair, painted in a pop art style. She is wearing a purple dress and has a red lipstick. The color scheme is predominantly red and purple, with the woman's hair and dress being the main focus. The style description of the objects includes the woman's curly hair, her red lipstick, and her purple dress. The overall composition of the image is balanced, with the woman's face and upper body being the central focus. The use of bold colors and the pop art style give the image a vibrant and dynamic feel."
20.png,"The image portrays a young girl with long blonde hair and striking blue eyes. She is dressed in a white dress adorned with green leaves, adding a touch of nature to her attire. In her hands, she holds a white rabbit, which has a skull face, creating an intriguing contrast between the innocence of the girl and the eeriness of the rabbit. The background is a dark blue, speckled with flowers and stars, adding depth and a sense of mystery to the scene. The art style is surreal, with elements that are both realistic and imaginative, blending together to create a captivating visual narrative."
28.jpg,"The image is a captivating representation of an impressionist still life painting. The artist has employed a vibrant color palette, with a predominance of red, yellow, and green hues. The objects in the painting are a plate of fruit and a bowl of fruit, both resting on a table. The background is a dark blue color, providing a stark contrast to the brightly colored objects. The brushstrokes are loose and fluid, a characteristic feature of the impressionist style. The overall composition and use of color create a sense of depth and texture, enhancing the visual appeal of the painting."
10.png,"The image is a beautiful representation of traditional Chinese ink wash painting. It features a serene landscape with a river, mountains, and trees. The color scheme is predominantly green and brown, with some red and orange accents adding depth and contrast to the scene. The art style is characterized by the use of loose brushstrokes, which is a hallmark of ink wash painting. The artist has skillfully used this technique to create a sense of movement and life in the scene. The overall composition and use of color create a harmonious balance, reflecting the tranquility often associated with traditional Chinese landscapes."
24.jpg,"The image is a vibrant and colorful representation of a man riding a horse. The art style is reminiscent of the Fauvism movement, characterized by bold colors and brushstrokes. The color scheme is dominated by shades of blue, green, and yellow, with occasional accents of red and orange. The man, dressed in a blue shirt and a hat, is depicted riding a brown horse. The background is filled with flowers and plants, adding to the overall lively and dynamic atmosphere of the piece. The art genre is impressionism, which is evident in the loose and fluid brushstrokes that capture the essence of the scene rather than focusing on precise details."
18.png,"The image portrays a vibrant and bustling city scene at night. The cityscape is filled with tall buildings, predominantly in shades of gray and white, punctuated by occasional splashes of red and blue. The buildings are adorned with numerous signs and advertisements, adding to the urban atmosphere.

The street below is a hive of activity, with cars and pedestrians moving about. The cars, painted in a variety of colors including red, blue, and purple, add a lively touch to the scene. The street is lined with trees and streetlights, casting a warm glow that contrasts with the cool tones of the buildings.

The sky above is a deep purple, providing a dramatic backdrop to the city scene. The overall color scheme of the image is predominantly dark, with occasional bright accents from the buildings, cars, and streetlights.

The image is a digital illustration, characterized by its bold lines and vibrant colors. The artist has skillfully used these elements to create a dynamic and engaging city scene. The image does not contain any discernible text. The relative positions of the objects suggest a well-planned urban layout, with buildings, cars, and pedestrians co-existing harmoniously. The image does not provide enough detail to confidently count the number of objects or describe their actions."
21.png,"The image is a watercolor painting that features a young girl as the central figure. She is adorned in a vibrant red dress, which contrasts beautifully with the pink and blue flowers in her hair. The girl is holding a blue bird in her hand, adding a sense of tranquility to the scene. The background is a soft pink color, speckled with white clouds, creating a dreamy atmosphere. The art style is impressionistic, characterized by loose brushstrokes and a focus on the interplay of light and color. The genre of the artwork is portraiture, as it depicts the girl in a realistic manner. The overall composition and color scheme evoke a sense of peace and serenity."
12.png,"The image is a portrait of a man with a beard, painted in the impressionist style. The color scheme is predominantly blue and green, with the man's face and clothing rendered in a darker shade of blue. The background features a lighter blue color, adorned with swirling patterns in green and blue. The man's facial expression is serious, and he is wearing a suit and tie, suggesting a formal or professional setting. The overall composition and use of color create a sense of depth and movement, characteristic of the impressionist genre."
22.png,"The image portrays a woman with a futuristic aesthetic. She is adorned with a purple headpiece and sunglasses, adding a touch of modernity to her appearance. Her skin is a vibrant shade of blue, contrasting with the pink background. The woman is wearing a yellow tank top, which stands out against the cool tones of her skin and the background.

The image is filled with various objects, including a star, a clock, and a key, each contributing to the overall futuristic theme. The objects are scattered throughout the image, creating a sense of depth and complexity. The woman's position in the center of the image draws the viewer's attention, making her the focal point of the composition.

The color scheme used in the image is predominantly pink, blue, and yellow, with accents of purple and green. These colors create a visually appealing contrast and add to the futuristic feel of the image. The use of bright colors and the futuristic theme suggest that the image might be related to a science fiction or fantasy genre."
26.jpg,"The image is a beautiful representation of an impressionist landscape painting. The color scheme is dominated by earth tones, with a few pops of blue and green adding depth and contrast. The artist has skillfully used loose brushstrokes to capture the essence of the scene, focusing on the interplay of light and shadow. The painting features a river with a bridge crossing over it, where people can be seen enjoying the serene environment. The overall composition and the use of color create a sense of tranquility and harmony, characteristic of the impressionist genre."
7.png,"The image is a captivating representation of a traditional Chinese ink painting. The art style is characterized by its use of ink and water, creating a sense of tranquility and harmony. The color scheme is predominantly dark, with a few bright accents that add depth and contrast to the scene.

The painting features a mountainous landscape, with a river meandering through it. A tree stands prominently in the foreground, its branches reaching out towards the sky. A bird is captured in mid-flight, adding a dynamic element to the otherwise serene setting.

The artist has skillfully used the ink and water to create a sense of movement and life in the scene. The use of dark colors and the play of light and shadow enhance the depth and dimension of the landscape. The overall composition and the choice of subject matter reflect the traditional Chinese artistic aesthetics, which often depict nature and its elements in a harmonious and balanced manner."
17.png,"The image presents a vibrant and colorful depiction of a mountain range under a sky filled with clouds. The color scheme is dominated by shades of blue, green, and pink, creating a lively and dynamic atmosphere. The mountains, depicted in various shades of green and brown, are the central focus of the image. They are surrounded by a sky filled with fluffy white clouds, adding depth and dimension to the scene. The art style is reminiscent of a cartoon or comic book illustration, characterized by bold lines and bright colors. The overall composition and use of color create a sense of movement and energy, capturing the beauty and majesty of the mountain range."
5.png,"The image is a watercolor illustration featuring a young woman with long brown hair. She is wearing a blue shirt and holding a white cat with a brown and black striped pattern. The background is filled with yellow stars and a red seal, adding a whimsical touch to the scene. The art style is loose and sketchy, giving the image a sense of movement and spontaneity. The color scheme is predominantly blue, white, and yellow, creating a warm and inviting atmosphere. The woman and the cat are the main subjects of the image, and their interaction suggests a sense of companionship and affection. The overall composition and color palette evoke a sense of tranquility and joy."
3.png,"The image portrays a woman with curly hair, painted in a pop art style. The color scheme is predominantly red and blue, with the woman's hair and lips rendered in a vibrant red, contrasting against her blue eyes and purple shirt. The woman's face is the central focus of the image, with her hair and lips being the most prominent features. The background is a solid red color, which further accentuates the woman's features and the bold colors used in the image. The overall style of the image is characterized by its use of bold colors and simple shapes, which are typical elements of the pop art genre."
27.jpg,"The image is a beautiful representation of an impressionist painting. The color scheme is dominated by shades of blue, green, and red, creating a vibrant and lively atmosphere. The objects in the painting include a bridge, a boat, and a person, all depicted in a loose and sketchy style. The artist has used broad brushstrokes to capture the essence of the scene, focusing on the interplay of light and color rather than the minute details. This style is characteristic of the impressionist genre, which aims to capture the fleeting effects of light and color in the natural world."
16.png,"The image presents a captivating scene of a white bird soaring above a tumultuous sea. The bird, positioned in the top right corner, appears to be in flight, adding a sense of dynamism to the composition. The sea, depicted in a deep blue color, is characterized by large waves that crash against the shore, creating a dramatic backdrop for the bird's journey.

The sky, painted in a vibrant red, contrasts sharply with the blue of the sea and the white of the bird. This color scheme adds depth and intensity to the image. The bird is flying towards the right side of the image, suggesting movement and direction.

The art style of the image is reminiscent of traditional Japanese woodblock prints, known for their bold colors and dynamic compositions. The use of bold colors and dynamic elements creates a sense of energy and movement, while the simplicity of the design elements adds to the overall impact of the image. The image does not contain any text or other discernible objects, allowing the viewer to focus solely on the bird and the sea. The relative positions of the bird and the sea, along with the contrasting colors, create a visually striking image that captures the viewer's attention."
4.jpg,"The image is a captivating representation of an impressionist painting. The color scheme is dominated by a mix of blue, green, and yellow hues, creating a vibrant and lively atmosphere. The art style is characterized by the use of dots and brushstrokes, which are typical of the impressionist genre. The painting depicts a river scene with a bridge and buildings in the background, adding depth and perspective to the composition. The artist has skillfully used these techniques to capture the essence of the scene, making it a beautiful example of the impressionist style."
8.png,"The image presents a charming scene of a small village, captured in a cartoon-like style. The color scheme is predominantly warm, with hues of red, orange, and yellow painting the sky and buildings. The buildings themselves are a mix of different architectural styles, including houses with pointed roofs and a church with a steeple, adding to the quaint charm of the village. The sky above is a clear blue, dotted with fluffy white clouds. A black cat is perched on top of one of the houses, adding a touch of whimsy to the scene. The overall composition of the image suggests a peaceful and idyllic village life."
6.png,"The image is a vibrant piece of abstract art that features a variety of shapes and colors. The color scheme is predominantly yellow, blue, and red, with some black and white accents. The art style is reminiscent of the pop art genre, characterized by bold colors and simple shapes. The objects in the image include circles, ovals, and lines, which are arranged in a way that creates a sense of movement and rhythm. The overall composition is dynamic and visually engaging, with the use of bright colors and bold shapes contributing to its abstract nature."
23.png,"The image is a watercolor illustration featuring a young woman with long brown hair. She is wearing a blue shirt and holding a white cat with a yellow and orange striped tail. The background is filled with yellow stars and a red seal, adding a whimsical touch to the scene. The art style is loose and sketchy, with a focus on the interplay of colors and the expressive nature of the subjects. The overall mood of the image is cheerful and warm, evoking a sense of comfort and companionship."
15.png,"The image portrays a young girl with long brown hair, standing in a field of tall grass. She is dressed in a blue dress adorned with white flowers. The art style of the image is reminiscent of watercolor, with a focus on soft, flowing lines and a harmonious color palette. The girl's position in the field and her attire suggest a sense of tranquility and connection with nature. The overall composition and color scheme create a serene and peaceful atmosphere."
13.png,"The image is a surrealistic portrait of a woman sitting on a chair. The woman is dressed in a red sweater and black pants. She is holding a white cup in her hand. The background is a plain white wall, providing a stark contrast to the woman and the chair. The art style is surrealistic, characterized by the juxtaposition of unrelated elements and the distortion of reality. The color scheme is simple, with the red sweater of the woman standing out against the white background. The overall composition and the woman's pose suggest a sense of introspection or contemplation."
19.png,"The image portrays a young woman with vibrant blue hair, adorned with a black hat. She is dressed in a black dress, adding to the overall monochromatic theme of the artwork. The color scheme is predominantly pink and purple, creating a striking contrast with the woman's blue hair and black attire. The art style is reminiscent of anime, characterized by bold lines and vivid colors. The woman's pose is confident and assertive, with her gaze directed straight at the viewer. The background features a yellow gradient, which further accentuates the woman's blue hair and the pink and purple accents in the artwork. The image does not contain any text or other discernible objects. The relative position of the woman is central in the image, drawing the viewer's attention immediately to her. The overall composition of the image is balanced and harmonious, with the woman's pose and the color scheme working together to create a visually appealing piece of art."
2.jpg,"The image presents a vibrant and bustling city scene, captured in a stylized and colorful manner. The color scheme is dominated by shades of pink, purple, and blue, which lend a dreamy and surreal quality to the scene. The cityscape is filled with tall buildings, their facades adorned with numerous signs and advertisements, creating a sense of urban chaos and energy. The perspective of the image is from a low angle, looking upwards towards the towering structures, emphasizing their height and grandeur. The street below is teeming with cars, adding to the sense of movement and activity. The overall style of the image is reminiscent of anime or manga art, characterized by bold colors, exaggerated proportions, and dynamic composition."
25.jpg,"The image is a vibrant and abstract piece of art that features a variety of shapes and colors. The color scheme is predominantly bright and bold, with hues of red, yellow, green, blue, and purple. The art style is reminiscent of cubism, characterized by the use of geometric shapes and lines. The objects in the image are abstract and appear to be made up of different shapes and lines, creating a sense of movement and dynamism. The overall composition and use of color and form in the image suggest a modern and contemporary art genre."
